"Eating disorders (%)","Anxiety disorders (%)","Drug use disorders (%)","Depression (%)"
"0.101854863459","4.828829705","1.67708194479","4.07183117706"
"0.0993127900961","4.82974037241","1.68474573106","4.0795309354"
"0.0966915892928","4.83110836569","1.69433394457","4.08835824297"
"0.0943356623795","4.83086358539","1.70532046528","4.09618989712"
"0.0924393209042","4.82942317312","1.71606858137","4.09958157816"
"0.090980372886","4.82833727334","1.72811181185","4.10420732528"
"0.0897089376174","4.82808312026","1.73764316554","4.10750045554"
"0.0883722221094","4.82772571638","1.74689089867","4.11083367722"
"0.0873300106476","4.8269712485","1.75696284329","4.11443779101"
"0.0862667995035","4.8264128001","1.77079062084","4.11763349824"
"0.0860206198207","4.82704657505","1.78839522078","4.11861034359"
"0.086517457129","4.83140882927","1.83912300334","4.1213810747"
"0.0870227203973","4.83831781133","1.93432643493","4.12492821619"
"0.0871889109837","4.84553823082","2.05110646781","4.12523049204"
"0.0881575409506","4.8515123905","2.16304412569","4.12638387348"
"0.088933235928","4.85468446119","2.24744276412","4.12690776347"
"0.0900543399397","4.85668463045","2.32102039222","4.12863837197"
"0.0916877012669","4.85886069467","2.40556439742","4.12972758067"
"0.093588805925","4.8604370363","2.48386221219","4.12965570782"
"0.0951661615564","4.86153329483","2.5438839135","4.12997189216"
"0.0973271994381","4.8627769096","2.57134858089","4.13087388504"
"0.0986381146875","4.8647734172","2.57316993833","4.13086219161"
"0.0998907504452","4.86728257795","2.57618883804","4.13248478823"
"0.101290989889","4.86970128087","2.57239567643","4.13466069347"
"0.103136578742","4.87225638893","2.56288505792","4.13352565882"
"0.104445057278","4.87520080402","2.54314419176","4.13541925043"
"0.105807560202","4.87887504114","2.51355340535","4.13569434555"
"0.107142265558","4.88248127473","2.47393386897","4.13634710028"
"0.130782128456","3.32758663553","0.497616062092","2.13990307021"
"0.129101965434","3.33034803136","0.495686879863","2.1412012317"
"0.127063201859","3.33343788662","0.495337256813","2.14339534113"
"0.126019164587","3.33668835219","0.494085146433","2.14526286182"
"0.12540190512","3.34008885411","0.492630491313","2.15006991895"
"0.125319804993","3.34358795943","0.492058406104","2.15441292449"
"0.126147689868","3.34690741333","0.491589461911","2.16131958778"
"0.127300873263","3.3501609652","0.491548047113","2.17021814093"
"0.128838546057","3.35324219304","0.49229020749","2.1795296353"
"0.130729176166","3.35637998739","0.492855221767","2.18880223436"
"0.132704172362","3.3602668242","0.492400516215","2.19528461324"
"0.134932482055","3.36482370639","0.492592204821","2.20197881604"
"0.137540968388","3.3707799591","0.493751190435","2.20892125322"
"0.140334793048","3.3769520857","0.494038573179","2.21628328617"
"0.14304703461","3.38219923062","0.495811804531","2.22211597807"
"0.145737500422","3.38541647196","0.497502769223","2.22340705325"
"0.148560528486","3.3872104899","0.497996869039","2.22241683649"
"0.151699714173","3.38891366074","0.497441874394","2.2172033685"
"0.154944758228","3.39016813364","0.497332176001","2.21064229839"
"0.157738094255","3.39101769294","0.498324134476","2.20603269216"
"0.16033692756","3.39124641395","0.500269643715","2.20334230288"
"0.162419643346","3.39118107539","0.502702838032","2.202290732"
"0.165446092579","3.39080671792","0.505621101364","2.20219180717"
"0.167105078831","3.39019545939","0.508049102479","2.20309814698"
"0.169409510347","3.38931928542","0.510088632919","2.20368376633"
"0.171094896746","3.38821238498","0.513158142148","2.2044542039"
"0.172626586124","3.38689141839","0.515035542843","2.20650676665"
"0.174046095006","3.38524453734","0.517613960393","2.20841419824"
"0.189024077474","4.97655257867","1.30083230552","3.73259668773"
"0.186989570782","4.97725978914","1.31951075979","3.71797912104"
"0.185063764271","4.9780744258","1.33833253916","3.70670565584"
"0.183793362981","4.97889443732","1.3587132787","3.69465171374"
"0.182518472182","4.97973094535","1.37733731214","3.68527818842"
"0.182169287968","4.98072868576","1.39787293668","3.6792529125"
"0.182297911047","4.98078124673","1.42128094982","3.67447130905"
"0.182681095862","4.97961185748","1.44651385833","3.66957016901"
"0.183206529055","4.97809384632","1.47233246645","3.66601097587"
"0.183524151672","4.97724239342","1.49405694968","3.66170030386"
"0.184042125743","4.97801635322","1.50893863229","3.65960308541"
"0.185197817638","4.98281185826","1.51806275724","3.65808771754"
"0.187401093857","4.99130111447","1.5269952469","3.65901814531"
"0.189418908618","5.00181600938","1.5353625616","3.65922914486"
"0.191831098172","5.01185536929","1.54339989925","3.65914223809"
"0.194148814317","5.01928233254","1.5526269249","3.65765859103"
"0.196273134432","5.02417913703","1.56955783154","3.65092596318"
"0.198160791055","5.02881412663","1.59637763311","3.63968321393"
"0.200466794787","5.03320563648","1.62647902267","3.62568648047"
"0.202695481236","5.03706748151","1.65447815726","3.61678290834"
"0.204405621958","5.04047924972","1.67057888844","3.61314804814"
"0.206218008441","5.04382844129","1.67909985777","3.61517284847"
"0.207498415502","5.04726920178","1.68776250825","3.61660462437"
"0.208892032258","5.05101913366","1.69661309619","3.62246722774"
"0.209959719275","5.05467390814","1.70374184975","3.62948972318"
"0.211434171323","5.05839777313","1.70981386067","3.63696184324"
"0.212734959751","5.06223321319","1.71402504648","3.64781677971"
"0.213612216088","5.06587568443","1.71721825543","3.66109449605"
"0.187676711771","3.25595530437","0.745011301699","2.94422967514"
"0.186826192759","3.25939429214","0.745996161181","2.94283153606"
"0.185572209355","3.26303119104","0.746651576556","2.94126114389"
"0.184368567276","3.26667298367","0.748471370111","2.94212537135"
"0.183730306399","3.27021086985","0.750073523439","2.94203128"
"0.182863963781","3.27322334252","0.751616824128","2.94275249099"
"0.182301902524","3.27643131927","0.75322338745","2.94397821792"
"0.181643862334","3.27960837909","0.754574319472","2.94511714053"
"0.180674913334","3.28258031873","0.757431579102","2.94490172247"
"0.180647752783","3.28527193101","0.758849891002","2.94683762245"
"0.18034997604","3.28735368955","0.759902385172","2.94539544961"
"0.179830398621","3.28924640948","0.760380233592","2.9457426346"
"0.180111399078","3.29095974428","0.760633171091","2.94301537393"
"0.179542992644","3.292663916","0.76011745669","2.94081565462"
"0.180196896911","3.2942613768","0.760069076969","2.93988673298"
"0.180084344128","3.29574372588","0.75994008873","2.93910965263"
"0.180214585934","3.29872199161","0.760316306172","2.93946402658"
"0.180478149999","3.30325651323","0.761174933231","2.93870703097"
"0.180871340516","3.30824408425","0.761528978341","2.93749057819"
"0.180675004755","3.31258410745","0.76317837454","2.93772670845"
"0.180617825041","3.31480728736","0.763698723993","2.93727613571"
"0.180384397151","3.31554511771","0.764531358982","2.93703219926"
"0.180056447581","3.3160681425","0.76584794352","2.93688211769"
"0.180232456874","3.3163435372","0.766645255084","2.93761027887"
"0.179620905365","3.31643091828","0.768486365102","2.93732355127"
"0.179144084488","3.31620075057","0.769506509354","2.93680915019"
"0.178726387051","3.31609146978","0.771280726521","2.93778077776"
"0.177807528145","3.31583375477","0.772801487795","2.93966806124"
"0.2878197835","4.21767658501","0.608920570231","2.62178099984"
"0.289361636147","4.22026089298","0.610489486273","2.63171669307"
"0.290563310222","4.2225865298","0.61198976764","2.63993241414"
"0.29183316017","4.22472068778","0.613994673381","2.6460961667"
"0.293111111372","4.22669041476","0.616447887868","2.65102199073"
"0.29451604534","4.22838175054","0.618524386562","2.65485269425"
"0.29623699965","4.22996994288","0.621586837729","2.65550715629"
"0.297929046082","4.23152995599","0.625305281184","2.65146309374"
"0.300129886078","4.23291251607","0.63032069273","2.6471564338"
"0.301996467853","4.23405041496","0.63433941642","2.6419978736"
"0.303784877747","4.23502501586","0.637898119625","2.63756925262"
"0.305270126694","4.23676012078","0.641963340013","2.63500231173"
"0.307078336795","4.23984175501","0.64779686792","2.63339328057"
"0.308965804617","4.24371022203","0.653637610403","2.63217775113"
"0.311292789418","4.24776479564","0.659595810456","2.63063245009"
"0.31407944948","4.2507252931","0.663046877086","2.6287495263"
"0.317318354927","4.2528786725","0.665252358756","2.62430871707"
"0.321957908009","4.25535192144","0.667873457122","2.61840528625"
"0.326928653349","4.25775551853","0.669442118047","2.61209765871"
"0.331577058592","4.25996826515","0.670635612273","2.60796441664"
"0.335297195065","4.26160246989","0.672223895066","2.60563720621"
"0.337861794663","4.26284645039","0.672666239665","2.6052854123"
"0.340892957237","4.26396969574","0.672322806021","2.60458401644"
"0.344129543082","4.26501191062","0.670736688054","2.60517987253"
"0.347462649623","4.26592759695","0.669068979578","2.6045637128"
"0.350126700026","4.26670423053","0.667189185425","2.60546186497"
"0.352934511378","4.26724847401","0.664814622522","2.60672087461"
"0.355474693876","4.26773808407","0.661481438263","2.61038511713"
"0.58591659143","5.24267301474","0.851842797684","3.76813538434"
"0.580842862776","5.23820669952","0.856189440014","3.76334506066"
"0.579633167137","5.242052572","0.857618404191","3.76368075765"
"0.578330511532","5.23786781776","0.86118845978","3.75623502968"
"0.580882273801","5.2475949444","0.862533361709","3.75965348572"
"0.583954079753","5.2578372379","0.863030896347","3.76650466122"
"0.588271198812","5.26734972076","0.864966091532","3.76696754545"
"0.591575394428","5.26699079197","0.866898453857","3.76105423904"
"0.596932623085","5.27251214535","0.869856009504","3.75812985171"
"0.602401748765","5.27578385145","0.874064147428","3.75333883157"
"0.609424286403","5.28119634464","0.876375260672","3.75105740858"
"0.616895506898","5.28834605792","0.878850605752","3.75120620275"
"0.6251348528","5.29016432364","0.883198514443","3.74705210091"
"0.633604740296","5.28721717985","0.888697143498","3.73833268212"
"0.637792853909","5.28130671511","0.894415288201","3.7288308906"
"0.640783861953","5.28109090999","0.897550768588","3.7245327812"
"0.641946338809","5.27625356641","0.9005192896","3.71819956838"
"0.643460400722","5.27500749069","0.901851997596","3.71148456641"
"0.645572291355","5.27836662317","0.901680026287","3.70868977589"
"0.64733694722","5.28398628507","0.901956571609","3.70796225856"
"0.648239924866","5.28713907155","0.901630458443","3.70879683795"
"0.652492259101","5.31074263882","0.898473478788","3.72528127995"
"0.651260627418","5.31180345539","0.90033557891","3.72593229476"
"0.651221903194","5.31475544188","0.900575988374","3.72758938063"
"0.649979495544","5.31383710578","0.903323145187","3.72837859851"
"0.647220589004","5.31049313347","0.905575242358","3.72788482086"
"0.645774776716","5.3070729328","0.907981130615","3.72682488406"
"0.644558566578","5.30537469297","0.910066070297","3.72953168612"
"0.13785437782","3.2082167384","0.513618112664","4.18150936201"
"0.136161311908","3.21063046695","0.517706944974","4.18933648384"
"0.134572277726","3.21314958162","0.521288458635","4.19657255474"
"0.133068928215","3.21599343305","0.52393718817","4.2037441785"
"0.132146155672","3.21898954312","0.52510704694","4.20870103239"
"0.131689131198","3.22181221943","0.525420503201","4.21108560065"
"0.130904456818","3.22479894762","0.524541642955","4.21184223626"
"0.131081468968","3.22807557407","0.522485032058","4.20862615151"
"0.130607377834","3.2317845673","0.519842098141","4.20708924515"
"0.130615520394","3.23574637399","0.516855729619","4.20141687668"
"0.130784434356","3.23953299093","0.514410873923","4.20071752978"
"0.131596634526","3.24361933094","0.511646246329","4.1996358405"
"0.132210796973","3.24794658064","0.508746981474","4.19643362783"
"0.133659528035","3.25218128413","0.505447426099","4.19430320977"
"0.135231539877","3.25627170512","0.503529549069","4.19020007492"
"0.137046751194","3.2598663115","0.501035137552","4.18674018945"
"0.139243729167","3.26333939493","0.500738948003","4.18323099667"
"0.143383761264","3.26707742118","0.501078051363","4.17449320842"
"0.147988695827","3.27085741574","0.502118463439","4.16687688952"
"0.152569631197","3.27458822305","0.502139817633","4.15765417169"
"0.156364256124","3.27782810571","0.503414977794","4.1551977295"
"0.159316823886","3.28066148811","0.503815671323","4.15541955848"
"0.161690535189","3.28353325621","0.505659754554","4.15551247339"
"0.164601951889","3.28641851052","0.50761094504","4.15833623966"
"0.167412065702","3.28927129859","0.51005422501","4.15646767691"
"0.169553527648","3.2919551445","0.513006223949","4.15848379631"
"0.172163333436","3.29453406149","0.516244070361","4.15784120503"
"0.173642511006","3.29690630279","0.519555778533","4.16048419728"
"0.299442261845","4.5835473769","0.744806094588","2.58335687211"
"0.303018696518","4.5891223522","0.749725193905","2.57348730867"
"0.307213872545","4.59568281309","0.753143889832","2.5636259508"
"0.311361130833","4.60268999212","0.757196381647","2.5561503295"
"0.314902008284","4.60974920597","0.759482810162","2.55241096862"
"0.317333207542","4.61632596774","0.760239275778","2.55128540935"
"0.319416490144","4.6219622508","0.762209502982","2.55444734654"
"0.321759348322","4.62700965109","0.76630345037","2.55924153177"
"0.323819239459","4.63145254188","0.770212466793","2.56399967932"
"0.325505912415","4.63531672832","0.774304104427","2.56584769861"
"0.327110003611","4.63884810862","0.776252907088","2.5698184527"
"0.329070828784","4.64138449046","0.777721988091","2.57188603867"
"0.330842286025","4.64241754006","0.780041705539","2.57391261515"
"0.331832941792","4.64255342963","0.782553854756","2.57505169286"
"0.333575922649","4.64166266641","0.786461176199","2.57441366914"
"0.335202087332","4.64015753885","0.788001294666","2.57412746765"
"0.337395690392","4.6381351222","0.788680103811","2.56883632419"
"0.341188439573","4.63604883303","0.787774816402","2.56003745984"
"0.34544690931","4.63391287926","0.786203032218","2.5503741762"
"0.348242787884","4.63136363333","0.785703640415","2.54151375187"
"0.35004405131","4.62819132696","0.785646786844","2.53681010731"
"0.350377866076","4.62457092776","0.786418483066","2.53575768449"
"0.351558543985","4.62095095342","0.787473502019","2.53642746714"
"0.35115318257","4.61745000998","0.787479723393","2.53635970105"
"0.350603311512","4.6140675526","0.786771345835","2.53962303561"
"0.350619735219","4.61081728922","0.785734929678","2.54374958353"
"0.350415342325","4.60774725098","0.785774168123","2.55110842822"
"0.350367843984","4.60482344264","0.786238854526","2.55796305238"
"0.323685920326","6.16592127034","0.919424447858","3.56917985705"
"0.326903754354","6.17447133112","0.920323268517","3.57906752071"
"0.330503586515","6.18270741919","0.921296338136","3.58885463186"
"0.334285938367","6.19035605803","0.921620296006","3.59736571909"
"0.338418396021","6.19727123614","0.921581176212","3.6069131858"
"0.342051579781","6.20326487326","0.921008238748","3.61592396356"
"0.34758883267","6.20752342629","0.918834819073","3.6265603044"
"0.353054931384","6.2102837798","0.914714171547","3.6362960958"
"0.358988596606","6.21247156088","0.909856374754","3.64330580902"
"0.363813935552","6.21476856913","0.906564593206","3.65205739555"
"0.365839756309","6.21830893374","0.904738069257","3.65730460579"
"0.36530388759","6.22515528292","0.908681378953","3.6588391036"
"0.364991202727","6.23585307237","0.915156650365","3.65897137043"
"0.363372553377","6.24707938246","0.923670729233","3.6581813041"
"0.362546651814","6.25624855407","0.93265935171","3.65700167888"
"0.362842766527","6.26073624837","0.937195924341","3.65554939486"
"0.364132028073","6.26181888783","0.941132796474","3.65317520823"
"0.367760827762","6.26354941336","0.944449121514","3.65158553385"
"0.372471215098","6.26557183264","0.947989638884","3.64986231373"
"0.378055008578","6.26725928842","0.950796139292","3.64756038457"
"0.381185199333","6.26871787965","0.955034797282","3.64793039281"
"0.384078321166","6.2697818506","0.95849593323","3.64749914978"
"0.388199372936","6.27165279689","0.964145062896","3.6483852733"
"0.390826428668","6.27367875841","0.971257108345","3.65104359701"
"0.39486655622","6.27601987145","0.979328607305","3.65417821908"
"0.397997794006","6.27853822935","0.987998388805","3.65768313834"
"0.401107559941","6.28093241933","0.999098544451","3.66131185288"
"0.404033163099","6.2836778606","1.00890084038","3.6654882719"
"0.141317183649","2.57868756022","0.457313213486","2.64264678558"
"0.137634745786","2.57941418","0.455813345766","2.6311005133"
"0.134423605125","2.5804166179","0.454342393468","2.62260080167"
"0.131542105756","2.58186659488","0.45315244233","2.61570670846"
"0.128972828745","2.58342183949","0.451527078884","2.61293365724"
"0.126777259896","2.58461522964","0.450765247599","2.61253280616"
"0.125118810846","2.58525088793","0.449458845294","2.6162966075"
"0.123650220025","2.58536843344","0.448669397413","2.62233542996"
"0.1225420591","2.58549808877","0.447130256581","2.63074854319"
"0.121564248955","2.58571201489","0.445515604028","2.64246839762"
"0.121397696684","2.58623835762","0.445075604484","2.65006908709"
"0.122517344472","2.58721496032","0.446003890508","2.65792040974"
"0.124967403511","2.58844623276","0.449121935674","2.66633983341"
"0.128429712544","2.59000569905","0.452977468084","2.67700254346"
"0.131622103883","2.59121606964","0.456118719139","2.68521726379"
"0.135408287026","2.59165469705","0.458584361355","2.69255514038"
"0.139444532159","2.59127187124","0.461324372409","2.69877167451"
"0.143598128917","2.5902717394","0.464850195775","2.70380469661"
"0.148042663372","2.58934203429","0.468273880864","2.70786534239"
"0.152224028946","2.5884159054","0.473198632762","2.71182013875"
"0.155273097572","2.58783119056","0.476499267601","2.71417948058"
"0.157349929344","2.58768330595","0.479966736687","2.71809283915"
"0.159679211226","2.58773662153","0.484003830269","2.721839631"
"0.162291459531","2.58820056764","0.488025658751","2.72663142421"
"0.163622851198","2.58893422861","0.49134903723","2.73419335012"
"0.164967954278","2.5899166932","0.496236098174","2.74028903349"
"0.166348087709","2.59121933021","0.499895098087","2.74731516173"
"0.16704714136","2.59281282375","0.504359711666","2.75458269616"
"0.688709261026","6.81415580802","2.12807725708","4.54352124808"
"0.691371359876","6.81468858956","2.1782105386","4.58757553705"
"0.693961050008","6.81647099247","2.22416387641","4.62528664373"
"0.698178690704","6.81832676178","2.26181800944","4.65859760595"
"0.702618947408","6.81865097532","2.29077918474","4.68352034976"
"0.707350163308","6.81605885863","2.30902201576","4.70049394621"
"0.714311633818","6.81227599167","2.31962032698","4.70547061487"
"0.724976909587","6.81006017306","2.32901384949","4.70296552424"
"0.73829619564","6.80924525209","2.33802266416","4.69247617355"
"0.751760772256","6.80989973299","2.34337486759","4.68634459834"
"0.764556895465","6.81229113735","2.34389271577","4.69050673889"
"0.77878767703","6.84019765509","2.3223324945","4.70740022288"
"0.796081267032","6.90227421483","2.27142038253","4.73324380898"
"0.815390022714","6.9758907539","2.20623744793","4.76480500877"
"0.832907671158","7.03771758468","2.1434167122","4.7879854121"
"0.844885957613","7.06453227347","2.10147765482","4.79499920097"
"0.855296275353","7.05343359912","2.07456690665","4.78803121717"
"0.864460283946","7.02357541253","2.0445423391","4.76926322264"
"0.872634045001","6.98659529871","2.01835765628","4.74292269066"
"0.879940707347","6.95413483313","2.00273076196","4.71804892531"
"0.8846399347","6.93707840917","2.00150748666","4.69632463655"
"0.888601045077","6.93086412271","2.01335990897","4.67903730545"
"0.892744383087","6.92386785743","2.03409320043","4.65961128321"
"0.896443388225","6.91619331169","2.06510599142","4.63448881662"
"0.899459132828","6.90815031881","2.10390351817","4.61130006428"
"0.901627195209","6.89999065833","2.15217779578","4.5835503262"
"0.903111674586","6.89225417274","2.20954176961","4.55346580695"
"0.903106014446","6.88491299105","2.27676554359","4.52468861623"
"0.700090525224","6.52529436951","2.13323614922","4.62118658828"
"0.704108748089","6.51996827822","2.18589310599","4.67193287901"
"0.708000817574","6.51366330752","2.2350804112","4.71541226158"
"0.713707947963","6.50545192368","2.27593889061","4.75445376611"
"0.719508170246","6.49405720484","2.30815502521","4.78394834109"
"0.725293783902","6.47846908143","2.32889826029","4.80405311744"
"0.7334811487","6.45637984028","2.34332821279","4.81079357273"
"0.746091619784","6.43058982576","2.35942363848","4.81077613148"
"0.761551960203","6.40634183256","2.37571385715","4.80131706902"
"0.777321985934","6.38921137255","2.38683106093","4.79689641226"
"0.791917663953","6.38472814863","2.38835600108","4.80322412023"
"0.808347382137","6.41757608541","2.36069426762","4.82355656453"
"0.828231040458","6.4911203123","2.29701723822","4.85439188671"
"0.850375776569","6.5784891315","2.21574230461","4.89231683879"
"0.870439749073","6.6522058031","2.13795671532","4.92048577823"
"0.884259277761","6.68474312451","2.08648012849","4.92903825605"
"0.89638270643","6.6810456828","2.05673031948","4.92352816116"
"0.906580126243","6.66790035107","2.02742899801","4.90682729732"
"0.91557188684","6.65049052535","2.00380751282","4.88233364729"
"0.923455066182","6.63435011647","1.99175902405","4.85792712508"
"0.928042681221","6.6246168792","1.99315113279","4.8342203826"
"0.931934608082","6.61950319011","2.00770291212","4.81362237035"
"0.935759514081","6.61410659774","2.03242234834","4.79007966716"
"0.939175530502","6.60819799188","2.06883485183","4.75968633031"
"0.941660808445","6.60204054596","2.1143772215","4.73114197671"
"0.943206198568","6.59569131041","2.1706336064","4.69677400581"
"0.943990606922","6.58975662595","2.23719838371","4.65981733343"
"0.943081003972","6.58430117714","2.31514207267","4.62388098607"
"0.538327252704","5.35760422446","0.790296591855","3.60620414187"
"0.544497211109","5.35666629679","0.792970880872","3.61581125676"
"0.55123121901","5.35639294855","0.796979767611","3.62292714659"
"0.558079785007","5.35646382962","0.800853136242","3.62702204051"
"0.564511108506","5.35648954912","0.803947837172","3.62788358649"
"0.571196717993","5.35655147656","0.808691541408","3.62486931295"
"0.578680294119","5.35753346422","0.815624610127","3.61233395588"
"0.586002516296","5.3589617175","0.822941033748","3.58156174351"
"0.594088058554","5.36061316908","0.831917403308","3.54421241315"
"0.600741475854","5.36166593868","0.839701615871","3.50555180891"
"0.608221490463","5.36201077049","0.846521064126","3.47346866061"
"0.614002669175","5.36179842942","0.852695068943","3.44880514689"
"0.620671837117","5.3608123593","0.85879114154","3.42517356508"
"0.62644037986","5.3597334065","0.86553505796","3.40271287793"
"0.633218463181","5.35817248159","0.872561969971","3.38048675009"
"0.638828110479","5.35674202781","0.878865166763","3.36161309941"
"0.644814762857","5.35553945495","0.886142940689","3.34470364048"
"0.651669562698","5.35486045617","0.895081943826","3.3279384575"
"0.658033817401","5.35399998013","0.903645838282","3.31197871983"
"0.664675296056","5.35317797075","0.910742690621","3.29889417716"
"0.667758464373","5.35237579206","0.913642863878","3.29020666038"
"0.669634514923","5.35175981982","0.913810896089","3.28490453608"
"0.671954725834","5.35091840244","0.91449837253","3.27856388873"
"0.672787050095","5.34968968513","0.914286976306","3.27357819245"
"0.673911121006","5.34764077354","0.912596540732","3.26745995576"
"0.674850170749","5.34458718219","0.910997776467","3.26403220401"
"0.674726647744","5.34217490685","0.907326335715","3.262610515"
"0.675111961603","5.34127539525","0.902116974356","3.2609699942"
"0.167131438202","2.57838924742","0.445839946865","2.60114990927"
"0.164770295949","2.57570355662","0.443858543942","2.58190796459"
"0.161777644878","2.57378114478","0.441979968082","2.56672567398"
"0.15879721706","2.57249387885","0.440179703523","2.55330632188"
"0.155979573311","2.57166068444","0.439185458183","2.54551109518"
"0.152878710471","2.57109087794","0.438032959715","2.54120029711"
"0.148564326968","2.57082068103","0.437610355244","2.54040888115"
"0.143559305095","2.57106034691","0.436830926087","2.54149837226"
"0.13913377203","2.57134142303","0.436294795675","2.54392411779"
"0.135437072217","2.57145803629","0.436232075826","2.54539360479"
"0.133899491128","2.57058120563","0.43720192284","2.54585057429"
"0.134551875461","2.56866534521","0.437585212634","2.54640873062"
"0.136013402309","2.56614878957","0.438258541159","2.54813683721"
"0.138107887603","2.56364964681","0.439256791957","2.5487941912"
"0.140789995747","2.56175083774","0.441645480362","2.55168327633"
"0.143556893521","2.5606957206","0.442975091535","2.55369859231"
"0.149225350083","2.56117347663","0.445827952985","2.55103022757"
"0.157216216654","2.56323631763","0.450855283303","2.54878992849"
"0.167477004203","2.56602185802","0.45595589963","2.54570566312"
"0.176675314154","2.56887801113","0.46167244859","2.54403627878"
"0.183138049836","2.57072001515","0.465736846747","2.54241236382"
"0.187695759648","2.57203058431","0.469026967604","2.54713760754"
"0.191979092842","2.57360252268","0.47184190746","2.5515679328"
"0.195770332571","2.57540985688","0.475546619342","2.55789857878"
"0.199311675356","2.57745382385","0.478852856611","2.5625707815"
"0.201757629481","2.57943157677","0.481362300023","2.57122617604"
"0.203629418689","2.58127802475","0.484388080694","2.5809513275"
"0.204891197681","2.5831567362","0.486327895183","2.59229296217"
"0.353555656051","4.63998571683","0.769513174799","2.66919453879"
"0.350911050957","4.63964845732","0.772983360287","2.66128881748"
"0.348643154057","4.63985333815","0.776487595348","2.6546027097"
"0.347148238797","4.64071043563","0.779464126527","2.64867027585"
"0.346340167139","4.64195961621","0.781499328985","2.64471961721"
"0.346581287676","4.64346331798","0.782749429833","2.6409553271"
"0.347109971235","4.64473489692","0.785496125243","2.63919844812"
"0.350139936464","4.64563589889","0.789905238013","2.63827987886"
"0.353591119308","4.64635774651","0.79543840215","2.63811191915"
"0.357435154917","4.64735076728","0.800097532752","2.63666435587"
"0.359827737754","4.64860246102","0.802807969211","2.63591980591"
"0.362209400641","4.65002804343","0.803847839733","2.63687481438"
"0.364553435736","4.65102154328","0.805685881075","2.63676654274"
"0.367413363982","4.65166457929","0.809400618881","2.63666760386"
"0.369123270011","4.65192949986","0.811359256546","2.63712779241"
"0.370301880997","4.65222910886","0.812831013499","2.6360951015"
"0.369913119042","4.65288340824","0.812059169657","2.6316540196"
"0.370165523282","4.65407917592","0.810027846422","2.62419739954"
"0.369795035899","4.65548479086","0.807091843263","2.61530776111"
"0.368812351527","4.65638965778","0.804518214328","2.60960621444"
"0.368687439001","4.65657284414","0.804669067193","2.60542788364"
"0.368078348542","4.65623978001","0.805058687932","2.60617023695"
"0.367034268981","4.65592592617","0.805646179207","2.60730120043"
"0.366324051514","4.65568899972","0.806483667137","2.60943836289"
"0.36516636999","4.65538628694","0.808271381326","2.61082918648"
"0.36425302721","4.65527320895","0.811444766444","2.61457134705"
"0.363759429258","4.65519108579","0.813803865357","2.62038657463"
"0.362750252266","4.65502415943","0.81665197722","2.62663305543"
"0.239539231222","4.67291202672","1.62460712029","4.2240730826"
"0.24048133954","4.6793700213","1.64900343839","4.24771459434"
"0.241911662862","4.68850736897","1.6669600736","4.26986980286"
"0.242710117189","4.69811021311","1.6819618808","4.28993856726"
"0.244001127914","4.70535125975","1.69531225194","4.30465203321"
"0.245181415421","4.70825203725","1.70840801958","4.30934477036"
"0.246570443265","4.70796970672","1.72090655248","4.31330534126"
"0.247795659262","4.70979623376","1.73055712075","4.31370129946"
"0.248877724238","4.71232407349","1.7370970469","4.3134764336"
"0.250953743362","4.71340145567","1.742179032","4.31298490883"
"0.253354299571","4.71302963187","1.74803529129","4.30796481768"
"0.255407259854","4.71322502136","1.73889127612","4.29912156461"
"0.258069769581","4.71253296672","1.71134133191","4.27997244943"
"0.258831600431","4.70620656142","1.68221790269","4.25172120842"
"0.258123355447","4.69236796323","1.66301176001","4.21632407754"
"0.258235470459","4.67786138901","1.66006227573","4.18128718424"
"0.258120270935","4.66780492334","1.67197473449","4.14445599942"
"0.259409769458","4.66129601178","1.68385578766","4.10175845058"
"0.259580422949","4.6534240153","1.70046928882","4.05697303849"
"0.259762331946","4.64251044053","1.71801609491","4.01438758663"
"0.26004018021","4.632368819","1.73099921447","3.97991302697"
"0.261233617891","4.63185554729","1.73068654184","3.95765313344"
"0.264034247192","4.64010727281","1.72517294186","3.94063088925"
"0.265783631664","4.64695517375","1.72010640567","3.92265111032"
"0.267338529981","4.65154932016","1.71640903924","3.90687481689"
"0.268744996581","4.65292283415","1.71520406789","3.89251062234"
"0.271042287432","4.66074996793","1.70704662746","3.88243427478"
"0.273714301731","4.67330435973","1.69567382053","3.87910515284"
"0.101292372362","4.16261370522","0.499018591994","4.16548462853"
"0.101736589764","4.15054779938","0.498629512952","4.14652395182"
"0.102574020607","4.14138106282","0.499556659527","4.13419812996"
"0.102937437196","4.1349140718","0.499090977046","4.1278667257"
"0.103486598909","4.13146985345","0.500229520242","4.12243862843"
"0.103899379694","4.13118282641","0.500102200108","4.119832243"
"0.104622222597","4.13671373223","0.499996525396","4.13094026937"
"0.105182429119","4.14836590151","0.499563707572","4.15542003408"
"0.105630658239","4.16279819622","0.499031230923","4.18954171457"
"0.106890115091","4.17670393282","0.498328818486","4.21887513082"
"0.107276866977","4.18685497602","0.497816031075","4.23179565213"
"0.108645468133","4.19649194257","0.497556482681","4.23266110161"
"0.109234765736","4.20957790832","0.496887634545","4.23203463017"
"0.110468617144","4.2237710228","0.496207872743","4.23321305275"
"0.111645851969","4.23654942511","0.495909107601","4.23039159788"
"0.112732669575","4.24556187828","0.495885939051","4.22901858428"
"0.113886916707","4.24911206761","0.496906203926","4.22785348978"
"0.11568842921","4.2487038923","0.497624311658","4.22698762907"
"0.117474376895","4.24693200423","0.498142622732","4.22499774332"
"0.119330962866","4.24602810717","0.499140071648","4.22374274621"
"0.121650808967","4.24888196674","0.500253691911","4.22464007963"
"0.123680879971","4.25423160876","0.50064052453","4.22136714926"
"0.125936906946","4.25942678797","0.502252618274","4.21367238455"
"0.128099005544","4.26444736144","0.504134553674","4.19910297476"
"0.130461779708","4.26945912061","0.505449702821","4.18241274481"
"0.132743894757","4.27440007342","0.508197883214","4.16087254729"
"0.135428736071","4.27926757322","0.510254331702","4.13692262655"
"0.137974267122","4.28398850162","0.512800136118","4.11061130999"
"0.30606672363","4.66223276034","0.814887911043","2.73576631202"
"0.306423905195","4.6632951751","0.817677591384","2.72777757455"
"0.306783523281","4.66438288201","0.818179733384","2.72022424357"
"0.307334228907","4.66558308724","0.820867384172","2.71528091398"
"0.307947532602","4.66660110564","0.82166300503","2.71184168762"
"0.309039157072","4.66721080431","0.821730224179","2.70989000391"
"0.3105923345","4.66648994198","0.823112259092","2.70839735183"
"0.312655614586","4.66464942213","0.827871369411","2.70921779266"
"0.316071723972","4.66236978085","0.833322307872","2.7088488467"
"0.318479912067","4.66058238087","0.837112376178","2.7097763893"
"0.319899310533","4.66009244004","0.840348452926","2.71081043522"
"0.321024640609","4.66090545314","0.844182478232","2.71221660637"
"0.321795595469","4.66200247831","0.850211189229","2.71653089393"
"0.322341455922","4.66320322084","0.856158854146","2.72046909311"
"0.32262347461","4.66450792126","0.860754654302","2.72430103681"
"0.323495085538","4.66538902906","0.863484838475","2.72730991014"
"0.323677355012","4.66611789768","0.861884213146","2.72943583967"
"0.325042257379","4.66665360383","0.859350841416","2.73373475036"
"0.324985402497","4.66701453704","0.853824853049","2.73647955632"
"0.325521044165","4.66692753631","0.851133203632","2.74006341873"
"0.326282335812","4.66654602583","0.848332254042","2.7432306605"
"0.325952266642","4.66595224241","0.846158477458","2.74530020352"
"0.325233742748","4.6653449242","0.844593565533","2.74683354"
"0.324949836188","4.66481532937","0.844062228541","2.74971448561"
"0.324072455703","4.66425025227","0.842887229726","2.752656224"
"0.32316357474","4.66384145443","0.842038526618","2.75660232494"
"0.321752936448","4.6634183925","0.841681703725","2.75974715509"
"0.320598997921","4.66304408879","0.842954553876","2.76332220362"
"0.174511984438","2.92744171545","0.717005717501","3.99847556586"
"0.172049614334","2.92776006695","0.719835618004","4.02346650557"
"0.169548809724","2.92773052012","0.721867088616","4.04480766488"
"0.167731415629","2.92757281492","0.724962198474","4.06518339785"
"0.165886958655","2.92720548029","0.728573242033","4.08545753303"
"0.164067030881","2.92652874427","0.731394420088","4.10356939727"
"0.162737702741","2.92523394414","0.736539125902","4.117816756"
"0.161153126549","2.92328428789","0.741254800395","4.13839630018"
"0.160119340707","2.92139018435","0.745963769657","4.15859314878"
"0.159516525875","2.91999415226","0.749366118269","4.17338999808"
"0.159121686319","2.91970133666","0.751862405036","4.18146174101"
"0.159704687978","2.92097716679","0.75475222161","4.18323934754"
"0.161224756498","2.92352217518","0.755705835176","4.18450869835"
"0.1647380374","2.92679742928","0.758615623272","4.18327596883"
"0.167706381916","2.93013864063","0.760516935127","4.18050433005"
"0.170352539535","2.93272560683","0.76265690871","4.17602981518"
"0.174073324862","2.93494819599","0.765694206098","4.16644401185"
"0.178753711386","2.93746323941","0.770609329671","4.15003321627"
"0.183546554774","2.94012527183","0.775458711509","4.1293341034"
"0.187939753731","2.94246685472","0.780240202376","4.10744183213"
"0.192079637555","2.94411926648","0.782905614274","4.09385387048"
"0.19557578676","2.94517791034","0.784316254355","4.08205448062"
"0.198829995911","2.94594190708","0.785741361603","4.0696144938"
"0.201185340295","2.94648196973","0.786034237232","4.05920477765"
"0.204173227594","2.94682911931","0.785504562487","4.04831521205"
"0.207219128715","2.94707391204","0.784655622924","4.03880111366"
"0.209342566676","2.94722386552","0.782787611328","4.03047137215"
"0.210693402008","2.94693198625","0.779867568734","4.02222608312"
"0.511213456917","5.22471295411","0.823533042667","3.63173783149"
"0.515844427123","5.22684347845","0.824249914553","3.62754267316"
"0.520184110483","5.22915791772","0.826296627275","3.6283147582"
"0.524512294288","5.23160790911","0.828176100865","3.62928019552"
"0.528504200167","5.23389296625","0.829118284171","3.63364572239"
"0.531940558539","5.23560665215","0.831800516051","3.63736878859"
"0.535318498451","5.23571499161","0.83352445427","3.65172622251"
"0.539216055075","5.23428902466","0.837074884572","3.67860583883"
"0.544018225215","5.23266049135","0.841926638895","3.71598318644"
"0.547850356297","5.2314933721","0.844959062421","3.7514346168"
"0.551041933291","5.23167087325","0.847279659162","3.78613871536"
"0.555047828535","5.23319527691","0.848112826531","3.82088309145"
"0.559963347421","5.23450888602","0.848895034678","3.85991490535"
"0.564025847757","5.23541179865","0.849209103234","3.900359671"
"0.568198916488","5.23589036124","0.850019244913","3.93503174826"
"0.571245089583","5.23573605518","0.850579933803","3.96870500777"
"0.573941822372","5.23226799875","0.847079195947","4.00015622394"
"0.576778008864","5.22467316639","0.840366180282","4.03378586814"
"0.579555404336","5.21584282276","0.831725765643","4.06748498021"
"0.580717001422","5.20849795107","0.824043496315","4.09109576729"
"0.583340656527","5.20514264403","0.818986565579","4.10186510113"
"0.586292102766","5.20509637365","0.817703282983","4.10408840734"
"0.589313012486","5.20543170898","0.817807549002","4.10635622146"
"0.592094901928","5.20625955933","0.818149142639","4.11006179718"
"0.595100118129","5.20728579371","0.817973798246","4.11047190159"
"0.598318339571","5.20864635551","0.819489227551","4.11045224686"
"0.600262676324","5.210450807","0.821391159986","4.1095512464"
"0.603868895678","5.21264464436","0.823451382231","4.10918615476"
"0.211609810629","4.48925313301","0.809322705224","2.71749724244"
"0.21600837352","4.49437534519","0.811844991061","2.72555256403"
"0.220257501624","4.49942813271","0.814604628245","2.73580332698"
"0.223665152489","4.50422000439","0.815405262368","2.74532903895"
"0.22672465629","4.50829037594","0.816487440261","2.75567610676"
"0.229526545855","4.51131246116","0.816991252025","2.76562546893"
"0.231056527587","4.51359569424","0.820393930883","2.77503159845"
"0.232375387115","4.51583691753","0.829141896411","2.78803160753"
"0.234252721047","4.51812057976","0.839064872603","2.80300330683"
"0.235180039654","4.52058602035","0.846660803455","2.81457630243"
"0.237202906025","4.52272055133","0.850534191331","2.82419686264"
"0.23886062046","4.52463830017","0.850902853333","2.83040858858"
"0.240723886736","4.52637277979","0.851214166376","2.83958305425"
"0.242777771736","4.52820576134","0.853494784681","2.84631730505"
"0.244940552999","4.53016599534","0.855785630124","2.85272546474"
"0.246598227648","4.53217115723","0.856700922074","2.85541126259"
"0.247661298566","4.53468991954","0.8538797185","2.85555188119"
"0.248519314249","4.53806193298","0.847446236865","2.85107642804"
"0.250487342344","4.54175265345","0.840363176708","2.84610996845"
"0.251375484591","4.54528687064","0.834264135752","2.84153368388"
"0.252077924855","4.54816969777","0.830887923174","2.83960917439"
"0.253081755369","4.55047224763","0.82992589002","2.83792345772"
"0.254422343563","4.55315931409","0.82946275013","2.83826117651"
"0.255011418141","4.55586803538","0.829490073381","2.83847611097"
"0.25617538809","4.55885747054","0.830819574609","2.83737114029"
"0.257195297506","4.5620883979","0.832549767577","2.83754641722"
"0.25818758993","4.56531098598","0.832936751726","2.83683501752"
"0.258710442087","4.56854773198","0.836791599092","2.83866680821"
"0.110327774936","2.89744114473","0.444354488804","3.53941872758"
"0.109559425231","2.89547996539","0.449453528437","3.54418179909"
"0.108964166364","2.89409128299","0.453944594338","3.54661181222"
"0.108488958091","2.89331618586","0.458408012532","3.54996696717"
"0.10784409523","2.89305360028","0.460850370582","3.55341651753"
"0.108069743584","2.89331306526","0.463597650721","3.5563484121"
"0.108021926213","2.89435637427","0.464916745439","3.56479614145"
"0.108280731635","2.89629886844","0.464927730854","3.57102626103"
"0.108664804617","2.89862462676","0.465113489587","3.57867807593"
"0.109122625305","2.90067958042","0.465383709722","3.58585259714"
"0.109697058492","2.90199325577","0.466194763917","3.59260114081"
"0.110013001089","2.90240443229","0.468598281969","3.59725614689"
"0.111337801686","2.90234369406","0.472666421834","3.60359649998"
"0.112693315633","2.90202896933","0.475790737647","3.60794761721"
"0.113339084479","2.90164020825","0.479333106431","3.61332094437"
"0.114172454766","2.90132383226","0.48133986626","3.61600576733"
"0.114168094521","2.9007737555","0.482757348784","3.61741402923"
"0.114558835915","2.89990531252","0.484548297145","3.62018888628"
"0.114768256918","2.89903762904","0.485992505497","3.62011832588"
"0.114918380451","2.89840255377","0.48779770203","3.62181028737"
"0.115932405915","2.89833814758","0.489121616772","3.6237187866"
"0.11590456671","2.8985806584","0.49115575008","3.622747716"
"0.116496239832","2.89900774146","0.493308390871","3.62400771598"
"0.116836435175","2.89966624055","0.494930752177","3.62401643471"
"0.117641175619","2.90065913023","0.497412326885","3.62439708891"
"0.118820720178","2.90189099532","0.499514485503","3.62730843625"
"0.11925032814","2.90346160245","0.502538924829","3.62821093119"
"0.120290320776","2.90529373064","0.505540966887","3.62989898914"
"0.424858741273","4.66186834504","0.841465280172","3.10563519403"
"0.424067555046","4.66481257037","0.851418193104","3.10046246469"
"0.424458968378","4.66794600311","0.860562381846","3.0950751604"
"0.424583467365","4.67129276484","0.868318664026","3.08979139615"
"0.42520450051","4.67445266897","0.875455380489","3.0835886769"
"0.425823923507","4.67713664695","0.880524622617","3.07845609927"
"0.42755732223","4.67882211691","0.885707669012","3.06998912143"
"0.430243593542","4.679320118","0.889677676164","3.05453709799"
"0.434969437747","4.67910860175","0.894215776467","3.0350787568"
"0.439799701119","4.6789347425","0.896891243333","3.01631037974"
"0.443550628179","4.6795312665","0.899424465628","2.99952819492"
"0.448027581672","4.68058610027","0.899660039453","2.98493479059"
"0.453093182124","4.68129131982","0.900353778503","2.96975075059"
"0.458807863301","4.68214745859","0.89862653876","2.95508481141"
"0.463851501975","4.6827955334","0.898899325924","2.93946484025"
"0.468297141895","4.68348742384","0.898165793558","2.92583779248"
"0.473005908325","4.68436309135","0.894860241065","2.9102536164"
"0.478260286438","4.68598930301","0.888828899987","2.89436265431"
"0.483459459273","4.68773036037","0.881863643385","2.87901078581"
"0.487164274032","4.6892786975","0.875345475952","2.86479612846"
"0.489997363629","4.69032715136","0.870124930458","2.85580294443"
"0.49001780271","4.6908174752","0.867152896234","2.85054521776"
"0.490784163226","4.691385467","0.864099771215","2.84498813711"
"0.491942085691","4.69179009677","0.860364316772","2.83935205583"
"0.492025900608","4.69215249022","0.858261615264","2.83274938781"
"0.49219900502","4.69253213253","0.856708659091","2.8295590514"
"0.49181193551","4.69267464042","0.854506082499","2.82839092871"
"0.491448911769","4.69281595169","0.853378869684","2.8262925466"
"0.11600556791","3.73473031756","0.485640059792","3.58360295495"
"0.11720473917","3.73457612774","0.4864067968","3.56759106963"
"0.11870363737","3.73462447427","0.487325463343","3.55346944751"
"0.120186639635","3.73477018414","0.488095996568","3.53934179443"
"0.121486035841","3.73488433809","0.489166335535","3.53005341702"
"0.123164028257","3.73490106924","0.49006450313","3.51940001023"
"0.12449043554","3.73520892114","0.49132699758","3.51258191421"
"0.126234157335","3.73638729092","0.492979119193","3.50470505909"
"0.128315586011","3.73807968164","0.494301524844","3.49964132963"
"0.130294033782","3.73980125583","0.496113755425","3.49319924873"
"0.132089797951","3.74108661543","0.497670245818","3.48840264543"
"0.134170639039","3.74317634123","0.498663712156","3.48302567744"
"0.136177672501","3.74702795075","0.499726841757","3.47542067068"
"0.137952535263","3.75194461706","0.499947951049","3.46959284291"
"0.140066667495","3.756707043","0.501390269577","3.46181845992"
"0.142462923278","3.76044214022","0.501488003609","3.45509404945"
"0.145215923485","3.76377280855","0.503989033815","3.44282171536"
"0.147716183621","3.76809836368","0.50716775655","3.42697855691"
"0.150690526089","3.77287641802","0.510724395436","3.41128542857"
"0.153142478935","3.7776206412","0.51499892692","3.40073638894"
"0.155631760203","3.78146154407","0.51802411921","3.39864570425"
"0.158067899697","3.78468369894","0.520409011453","3.4006472282"
"0.160716166865","3.78786326059","0.523479038087","3.40453438738"
"0.163164312664","3.79106224037","0.526437893017","3.40778947533"
"0.165473166726","3.79421134921","0.528119622612","3.41272665924"
"0.167915448189","3.79697123285","0.530377088786","3.4205146723"
"0.170009673658","3.79941510799","0.533551174077","3.42982314612"
"0.172339624531","3.80143151955","0.534974457794","3.43933373822"
"0.245213142777","4.22365640624","0.839266941958","3.15400009926"
"0.245798788823","4.22777896083","0.841422057778","3.18394252157"
"0.246664209419","4.23145658907","0.843624142923","3.20822211431"
"0.247477584365","4.23459531659","0.845770781988","3.2269202431"
"0.248383558431","4.23705948794","0.84768232531","3.24071683906"
"0.248734780872","4.23878449663","0.849401131612","3.24614129135"
"0.250160984573","4.23990820836","0.85413730006","3.24563451815"
"0.25253074797","4.24083968795","0.861561370957","3.23885331729"
"0.254736878882","4.24135831543","0.870477783138","3.23010740852"
"0.257264079443","4.24145420367","0.877177986032","3.22085170545"
"0.259290728082","4.24109585514","0.881517453144","3.21249562489"
"0.260613703069","4.23961562692","0.883062417041","3.20332811359"
"0.262073852652","4.23708233341","0.886797006119","3.19031658195"
"0.262660421091","4.23423370513","0.890986290096","3.1769534124"
"0.264256987585","4.23202625682","0.895489921193","3.16582717055"
"0.265958838999","4.23113779792","0.897643361622","3.15757614749"
"0.26821581738","4.23137387133","0.900470308777","3.15180165734"
"0.269401259219","4.23190343605","0.904165533853","3.14613262075"
"0.271691518892","4.23261366931","0.908872908841","3.14240183759"
"0.27517256583","4.23341997319","0.91114938088","3.13868992626"
"0.277438331263","4.23412921017","0.912982062094","3.13396627943"
"0.279906523189","4.23486285878","0.912915259366","3.13025864529"
"0.283331153102","4.23587582369","0.911483267908","3.1252266494"
"0.287492581452","4.23702433017","0.907997568223","3.1194510841"
"0.291479845686","4.23836717845","0.903948814365","3.11118925264"
"0.295720198386","4.23998533517","0.898802406518","3.1029017816"
"0.300674940768","4.24166934604","0.892893577235","3.09342871286"
"0.305250563204","4.2436251608","0.886176711202","3.08590479324"
"0.100326690543","3.36286349742","0.389020062087","2.66836397636"
"0.099611909902","3.36083590979","0.3868371243","2.67251784988"
"0.0994982068804","3.35962650278","0.386291254972","2.67164324195"
"0.099194263296","3.35968167419","0.384719573273","2.67141799301"
"0.0992341819627","3.35992564868","0.38405912302","2.66931296066"
"0.0995077088732","3.36087805479","0.383650342085","2.66577984344"
"0.102078672588","3.36337400882","0.384598306264","2.65854543383"
"0.10875700241","3.36670379251","0.388497847697","2.64429132701"
"0.116971922588","3.37119262327","0.393409317472","2.62760549259"
"0.125452936742","3.37572199676","0.397958477283","2.60632894678"
"0.131280487838","3.37929036292","0.402654175019","2.58712181892"
"0.135944289386","3.38320042824","0.407386680668","2.56608638957"
"0.139569399297","3.38835003104","0.413053254996","2.54402735585"
"0.143059087206","3.39372511768","0.418995311921","2.51705628567"
"0.146176263536","3.39818006912","0.424165362111","2.49397136543"
"0.149331271299","3.40106116135","0.428113277585","2.47015715646"
"0.152028306076","3.40189717957","0.429975578653","2.44447375995"
"0.15460983709","3.40133829701","0.430801830807","2.41503578693"
"0.157196590471","3.40049744215","0.430575117596","2.3898214319"
"0.159969400403","3.39978149663","0.430964451405","2.36752953661"
"0.161386909632","3.39969755132","0.430902011668","2.35372222979"
"0.16395437037","3.40025153502","0.431849857151","2.34402317072"
"0.165416879731","3.40058801275","0.432706106298","2.33678252289"
"0.167328262534","3.40092886757","0.433727370202","2.32968946152"
"0.1685894552","3.40130127738","0.433845618024","2.32541467962"
"0.169896733472","3.40163773741","0.433850873867","2.32162166711"
"0.171314102467","3.40215538462","0.433311591799","2.31906634146"
"0.172474446404","3.4026360848","0.433415503059","2.3196099561"
"0.172929229885","3.46608352988","0.706628241887","3.81064054683"
"0.174948653734","3.46818744187","0.711834930065","3.83856844723"
"0.17720139352","3.47049129216","0.714319635288","3.86429008616"
"0.179103716076","3.47278105374","0.71708484523","3.88910212872"
"0.181000652185","3.47495313225","0.718984973848","3.91310955859"
"0.183124418805","3.47667629029","0.719638767436","3.93483496879"
"0.185167449043","3.47885677305","0.719702576237","3.95683125469"
"0.187388474087","3.48184646685","0.719481088303","3.98200117971"
"0.189033450305","3.48511149582","0.718629708242","4.00586075037"
"0.191434165734","3.48810047925","0.71758401966","4.02717379627"
"0.192828114222","3.49025951487","0.716225798799","4.03892271353"
"0.195283640773","3.49139813399","0.711343891578","4.04533782537"
"0.197252076163","3.49205958517","0.702927210035","4.05205251296"
"0.19896444302","3.49245858668","0.694838867235","4.0549053183"
"0.200896727625","3.49269756367","0.688231609872","4.05769190599"
"0.202405114272","3.49296806088","0.685798366757","4.05717024765"
"0.204027731125","3.49357758528","0.689927937921","4.05495231363"
"0.206201142041","3.49446977737","0.699329018566","4.04855727518"
"0.207999897618","3.49549497982","0.709855647984","4.04104966178"
"0.210000066077","3.49642965073","0.721459852382","4.0325430492"
"0.211702265714","3.49724604059","0.728794248141","4.02545650822"
"0.213178295788","3.49804954207","0.732928226663","4.01858100029"
"0.215542889846","3.49906014105","0.737394138063","4.01006461435"
"0.217750665897","3.50017661115","0.741731075397","4.00240096659"
"0.220570065432","3.50151245193","0.745839900057","3.99397263035"
"0.223224652667","3.50287642255","0.748598365039","3.98647987149"
"0.225158310403","3.50455006003","0.750840632439","3.97712751253"
"0.227732855648","3.5063390343","0.752750450559","3.96812945655"
"0.233011929867","5.56994000045","0.943405929488","3.53453159203"
"0.233713605265","5.56385700393","0.947967038221","3.52975108623"
"0.2345708205","5.56349538482","0.952120643346","3.53106810336"
"0.235455584554","5.56727110766","0.955400054957","3.53703728376"
"0.236509187645","5.57364106366","0.957739271006","3.54495569499"
"0.237314042711","5.58097656281","0.958947441959","3.55394933785"
"0.238404033371","5.63294735829","0.959550723331","3.61385295436"
"0.240256148044","5.74988783585","0.960218276271","3.74609320679"
"0.242199087329","5.89531752373","0.960822545729","3.9023521398"
"0.243832669887","6.03266939987","0.961661822779","4.03484212292"
"0.245153273495","6.12547861321","0.962272824204","4.09777614649"
"0.246011545921","6.18937539346","0.964258537036","4.1067345679"
"0.246844030229","6.25760435591","0.968124642169","4.11073434915"
"0.247594875452","6.32020897189","0.972504067103","4.10945589284"
"0.248581213523","6.36707933842","0.976691274051","4.10272887327"
"0.249668621581","6.38807787295","0.979773017039","4.09066386423"
"0.251311211814","6.39237249358","0.986063389609","4.02739501746"
"0.254080770465","6.3957061326","0.99787686446","3.89557776026"
"0.25715808718","6.39737979183","1.01186823264","3.73573007167"
"0.260295691907","6.39633572647","1.02453805594","3.58845359621"
"0.262812324271","6.39171075951","1.03236682932","3.49715873498"
"0.264975340301","6.37756734187","1.03656389652","3.44954699125"
"0.267234124827","6.35015699522","1.04060043847","3.40806810989"
"0.269345638401","6.31110004421","1.04511949042","3.37192561027"
"0.271347560676","6.2619134536","1.0497814941","3.34201096917"
"0.273366095081","6.20415785633","1.05404110861","3.31942305089"
"0.275301334883","6.1394005673","1.05830996893","3.30464284359"
"0.277050765272","6.06917950422","1.0616813337","3.29736759001"
"0.550730704807","3.54845290206","0.911230779746","2.57797717557"
"0.548009992687","3.55456513729","0.910155889219","2.56282828282"
"0.545543524761","3.56162062727","0.91028749229","2.55138169168"
"0.543644182657","3.56915499827","0.910409314036","2.54380393782"
"0.542625908967","3.57631890411","0.908914972787","2.53846456519"
"0.542035541756","3.58367496587","0.907415347914","2.53825390279"
"0.541901302972","3.59058865008","0.906282373174","2.54237930741"
"0.541766666696","3.59785276402","0.905335918044","2.54625700875"
"0.542123048843","3.6048721952","0.90442405882","2.55147601549"
"0.541672191748","3.61105807765","0.903225704461","2.55464965998"
"0.542541647662","3.61657429612","0.90226094708","2.55610566339"
"0.54297484246","3.6207004994","0.898394900286","2.56049389484"
"0.542618785178","3.62410091415","0.895194680514","2.56291980522"
"0.542969351599","3.62678198015","0.890350762278","2.56455800291"
"0.542663958463","3.62829691362","0.886292566537","2.56485901035"
"0.54295836177","3.62899621474","0.88521083546","2.56443715885"
"0.544083518382","3.62868731352","0.88376931312","2.55759895612"
"0.546872473219","3.62812434701","0.883679372237","2.54735321187"
"0.550064372603","3.62758227222","0.884251751879","2.53550713169"
"0.552228871756","3.62660750712","0.885054856329","2.52521756005"
"0.553167955912","3.62539572988","0.886598355041","2.52051055559"
"0.552189264675","3.62388918924","0.888066519323","2.52022737559"
"0.550698088116","3.6229527776","0.890235492966","2.52084006587"
"0.549247881449","3.62257601698","0.892631620977","2.5240615619"
"0.546638880914","3.62228571536","0.895784473627","2.52821572598"
"0.543984613907","3.62191682501","0.898971682812","2.53714371115"
"0.540721527793","3.62150220821","0.903239359604","2.54847154834"
"0.536251850899","3.62141449499","0.906696952623","2.56198290667"
"0.175711223251","3.56414741055","0.64386866357","2.76927947651"
"0.174484152098","3.5673682394","0.643790091479","2.77756951529"
"0.173255227825","3.57001817761","0.643185484241","2.78445717633"
"0.171778216289","3.57205431729","0.642998249751","2.78924178048"
"0.170712720619","3.5734568192","0.643189282352","2.79233329147"
"0.169852943102","3.57435771254","0.642835945713","2.7931793375"
"0.168384251434","3.57406150125","0.642315248014","2.78865094749"
"0.166811652569","3.5729011217","0.640680642767","2.77685338089"
"0.165543171023","3.5716960352","0.639071177245","2.75897354784"
"0.164335774772","3.57070250436","0.637832546175","2.74029488405"
"0.163920586714","3.57045251924","0.638007512987","2.72520501506"
"0.164235519228","3.57108136593","0.640745746714","2.7096939226"
"0.165952004016","3.57213106844","0.645904964706","2.68868860659"
"0.167817229038","3.57351632035","0.651184369494","2.66523314408"
"0.17011783802","3.57502487606","0.657284034493","2.64353238922"
"0.172019993175","3.57674382128","0.661618016166","2.62516286469"
"0.174846975241","3.57949096879","0.664884823338","2.60834485392"
"0.178052088628","3.58368863439","0.667396848989","2.59020203796"
"0.181771251997","3.58761618649","0.671015855693","2.57454961954"
"0.185466504554","3.59011158758","0.674497107283","2.56025778379"
"0.188239051269","3.58987672141","0.677669211971","2.55166405971"
"0.190407423808","3.58798912725","0.680423493348","2.54570943017"
"0.19250210011","3.58708536974","0.685320045686","2.54247576163"
"0.194698694859","3.58692471846","0.688986736314","2.54035072034"
"0.196576642344","3.58703415033","0.692251831239","2.53934483159"
"0.19861612003","3.58723065108","0.696689861295","2.53986237527"
"0.200733326459","3.58736294907","0.700731318162","2.53995003594"
"0.202411206361","3.58752080114","0.70428917681","2.54314069114"
"0.0948409938755","2.89389218071","0.396883922015","3.66487416611"
"0.0948246520224","2.89199806226","0.39990504725","3.64414610429"
"0.0948969982477","2.89038221232","0.402901105335","3.62544258371"
"0.0949667666","2.8890839835","0.405051467222","3.60852515312"
"0.094842296943","2.88809008989","0.406639752709","3.59592699511"
"0.094751913311","2.887458555","0.408219873937","3.58885452435"
"0.0951488187643","2.88775297222","0.408598538493","3.58289424682"
"0.0957734038571","2.88915915662","0.409347063785","3.5773742087"
"0.0958970829571","2.8910316642","0.409545869589","3.57327412936"
"0.0966459103447","2.89271910291","0.409988730776","3.57082946245"
"0.0973991016316","2.89361197489","0.410219348469","3.56894893978"
"0.0983994276247","2.89376619508","0.410476534972","3.57423665056"
"0.0993722885878","2.89377456719","0.411776081884","3.586396707"
"0.100334933192","2.89368467735","0.412229464839","3.60122737764"
"0.101267509619","2.8935807208","0.413939125488","3.61288584645"
"0.102201330639","2.89344099553","0.415149720453","3.61828186867"
"0.102841942413","2.8927679242","0.416284458898","3.61607664477"
"0.103637091661","2.89134379458","0.41722970238","3.61144856707"
"0.10432429222","2.88968247122","0.419009912753","3.60371346561"
"0.104860229776","2.88836946357","0.42132489755","3.5960768632"
"0.105317526508","2.88790409416","0.422245527564","3.59451787924"
"0.106296858723","2.88825639783","0.424024532784","3.59744592826"
"0.107168581537","2.88909313393","0.426374890427","3.60481547626"
"0.108628572193","2.89034793524","0.429224786371","3.61527502043"
"0.109382652564","2.89210012579","0.432363373798","3.62919158839"
"0.111105079395","2.89429882017","0.435488853629","3.64804221128"
"0.11191122748","2.89700632097","0.439595811069","3.66864463695"
"0.113354225407","2.90023899431","0.444063303027","3.6942535918"
"0.0959056532771","3.6165809259","0.491367963964","4.22047250735"
"0.0957068835621","3.6194940816","0.493794527639","4.22742449282"
"0.0951508089526","3.62207480811","0.495161978985","4.23106854775"
"0.0945921728311","3.62258315298","0.496847181167","4.23099708518"
"0.0938957260824","3.62220017475","0.497582181009","4.229383747"
"0.093465346262","3.62135017025","0.498078475307","4.22515898977"
"0.0927621737017","3.61900627015","0.497344169589","4.21266218327"
"0.091567488991","3.61481663044","0.496812509077","4.18671298489"
"0.0903540441825","3.60975356166","0.49521182724","4.15327700954"
"0.0892605651752","3.60447865716","0.493530040418","4.1166285237"
"0.0885532514305","3.59956821701","0.492693901424","4.08325449864"
"0.0881099908781","3.59504660265","0.491444609083","4.05060228739"
"0.0877478973956","3.59021050478","0.489045885641","4.01559257522"
"0.0871776853177","3.58547406073","0.486810645108","3.97829629965"
"0.0872807637785","3.58124852822","0.485947722934","3.94416868027"
"0.086831918661","3.57780284747","0.485396849445","3.91033384499"
"0.086874997499","3.57475475695","0.486100094817","3.87504070379"
"0.0868371156146","3.57146842967","0.486941152082","3.83808170616"
"0.086816005601","3.56872270397","0.487983174359","3.80452232734"
"0.0868943932525","3.566368858","0.489435313306","3.77506240906"
"0.0870352774859","3.56442928602","0.491519463437","3.75880338409"
"0.0873057717938","3.56361243221","0.491492257701","3.74779792467"
"0.0875653698263","3.56420914387","0.492885254802","3.74035279092"
"0.088017325623","3.56630871822","0.493837314566","3.73107597948"
"0.0886371458246","3.56974656866","0.494839699702","3.72760695507"
"0.0893091621034","3.57412115137","0.496274728238","3.72327080563"
"0.0900193055681","3.57956355258","0.498925206556","3.72081274928"
"0.0908023408812","3.58576009809","0.5000843212","3.72122770632"
"0.0770603755147","3.28507224669","0.523096818826","3.16107205377"
"0.0776362613555","3.28480888993","0.524506009669","3.1820206842"
"0.0777070849684","3.28451613796","0.525952650971","3.19815549882"
"0.0780394236112","3.28418143775","0.527447966986","3.21260309135"
"0.0784679400918","3.28381300225","0.528432238453","3.22011340455"
"0.0786713672766","3.28340127366","0.52934739468","3.22454150157"
"0.0791683367187","3.28309610922","0.5312084025","3.22236404004"
"0.0797244879255","3.28293301931","0.5319706203","3.21606125112"
"0.0801772525978","3.28288128316","0.533036527877","3.20833125646"
"0.0804649520931","3.28282586505","0.534983565304","3.1999915227"
"0.0814811428732","3.28270027077","0.535889513332","3.19287454579"
"0.0822710979204","3.28311829903","0.536620383533","3.18402870709"
"0.0838095177146","3.28433916734","0.538629409103","3.1754492713"
"0.0854380814511","3.28597577134","0.539098855806","3.16657985446"
"0.0867468216723","3.28734528157","0.540723020477","3.15933493019"
"0.0883842649121","3.28778065958","0.542221385257","3.15179241426"
"0.0899957850072","3.28748331535","0.543190454622","3.14505066891"
"0.0918986761538","3.28721237756","0.544266812707","3.13793765832"
"0.0935686873931","3.28693674342","0.546067979506","3.1304720718"
"0.0953793410247","3.28663993547","0.547151257324","3.12468294174"
"0.0970413466143","3.28623172632","0.549845461564","3.11840150923"
"0.0987956204658","3.28599137966","0.551556170881","3.11506050613"
"0.100316278437","3.28599418746","0.555019133035","3.11073318136"
"0.101933425464","3.28627073001","0.558188746446","3.10774990759"
"0.103740851406","3.28674975813","0.560617270448","3.10351142122"
"0.105161730774","3.28751117355","0.564367235334","3.10064794611"
"0.106760504855","3.28852299411","0.566947039247","3.09666111823"
"0.108378572317","3.28974518826","0.570337424577","3.09494529698"
"0.134849868932","2.88570525391","0.498654962028","3.61288064906"
"0.132623524377","2.88451012204","0.506161121889","3.62383549781"
"0.130249944432","2.88371030192","0.513958071079","3.63461166542"
"0.128535899691","2.88322534631","0.521341958846","3.64515722342"
"0.127242493262","2.88306523053","0.527399464639","3.65214798528"
"0.126236800077","2.88315505418","0.532375357998","3.66233856665"
"0.125700335567","2.88401613765","0.536956775667","3.6705811262"
"0.125378930656","2.88581957623","0.541450166979","3.6815433842"
"0.124705857931","2.88791196212","0.545415255836","3.69323468603"
"0.124440124901","2.88965552228","0.549326282319","3.70426902069"
"0.1244953508","2.89047334088","0.551934317825","3.71026144124"
"0.124628057467","2.89017418308","0.555945887696","3.71441689825"
"0.12500968296","2.88928097249","0.560836740995","3.71949753867"
"0.125282797938","2.88807285107","0.565368385317","3.72277547499"
"0.126113584523","2.88701777831","0.568856796656","3.72609473529"
"0.126289381756","2.88670107362","0.571055135282","3.72813438808"
"0.126532467179","2.88742058953","0.571395566356","3.7311869495"
"0.126902529653","2.88919188976","0.571613488482","3.73761889084"
"0.127303519469","2.8917367338","0.57267511734","3.7436304766"
"0.127861436634","2.89439506136","0.57370310675","3.74954003856"
"0.128149085499","2.89616237819","0.574610680629","3.75074725671"
"0.128833729383","2.8971566571","0.575309192131","3.75201805217"
"0.129467627048","2.89844021747","0.577074354318","3.75092087832"
"0.129958566923","2.90002283623","0.578880289516","3.75043095908"
"0.130968949961","2.90182846837","0.580780890688","3.75129626405"
"0.1315001071","2.90392688485","0.582792254201","3.75011197291"
"0.133000102546","2.9061802323","0.585860856552","3.74845644291"
"0.133790101708","2.90866265178","0.588020694109","3.74564654244"
"0.442651692018","5.53849081428","1.80201585076","4.08951473974"
"0.44230769827","5.54082403635","1.81185201444","4.09731435375"
"0.441688439482","5.5433986696","1.83011938476","4.10566136985"
"0.442178822678","5.54600146955","1.85486143825","4.11171456932"
"0.442958936035","5.54826349645","1.88281227809","4.11747567574"
"0.443547050311","5.54967339146","1.91299599115","4.12052393143"
"0.444286052424","5.49273171873","1.97422412418","4.12400168451"
"0.444809200055","5.35503024666","2.07111007469","4.12842723051"
"0.446612525476","5.1901996856","2.17849184126","4.1319730926"
"0.447929166267","5.05182907712","2.26782060763","4.13409776309"
"0.449141908336","4.99325104129","2.30997154973","4.13131418302"
"0.450782058489","4.9927848821","2.31748753979","4.11660187114"
"0.45452057937","4.99294542958","2.31894828798","4.08541380921"
"0.458292999045","4.9936327372","2.31849184343","4.04682458049"
"0.462291908724","4.99466143614","2.31377045498","4.01186688629"
"0.463916727602","4.99588982859","2.30793923544","3.9877780617"
"0.46537972325","5.01446233372","2.29386394946","3.97025488772"
"0.467021939368","5.05627301124","2.26860958198","3.94936618172"
"0.468737031558","5.10576421423","2.23837641699","3.9323114742"
"0.469551443856","5.14680050265","2.21307390711","3.91809112131"
"0.470380114526","5.16362520901","2.19517979941","3.91188484922"
"0.470891992389","5.16359460622","2.18810470117","3.91397407824"
"0.471708873715","5.16441299277","2.18728551063","3.91938069857"
"0.472149298047","5.16581077951","2.19462036967","3.92650337825"
"0.47342642932","5.16792080039","2.20724500153","3.93619920882"
"0.474343253954","5.17079734771","2.22514968067","3.94964171062"
"0.475592313289","5.1743586107","2.24835231577","3.96749089951"
"0.477304277231","5.17821839452","2.27622881402","3.98879207345"
"0.122668023861","2.97060329108","0.505159457842","3.78145402881"
"0.122951704816","2.96887975057","0.51371079206","3.80280712353"
"0.1233210777","2.96798752921","0.522196763025","3.82572751285"
"0.124261110287","2.96770357014","0.52945998662","3.84841042385"
"0.125040534449","2.9678841856","0.535898126423","3.87269988637"
"0.126183881857","2.96841477636","0.541509108446","3.89861604098"
"0.12745372913","2.96985433893","0.546862623348","3.92813631718"
"0.129463180653","2.97292081822","0.551839698187","3.96016251214"
"0.131847390917","2.97659566965","0.556407618301","3.99550207745"
"0.134510303592","2.98006649855","0.561190991697","4.02716811694"
"0.136281907321","2.98254940179","0.565694875428","4.05079744526"
"0.138474113265","2.98387534885","0.572264996929","4.07176750889"
"0.140829457904","2.98523310887","0.579783160046","4.09349790765"
"0.143423622601","2.98658328948","0.586508759212","4.11583215375"
"0.145596706547","2.9878951924","0.592755892363","4.1309903766"
"0.147856769486","2.98880516349","0.596850549437","4.13806569756"
"0.150638373139","2.98915052118","0.599450570451","4.13946198294"
"0.153174229384","2.98950716387","0.602222611582","4.13597730221"
"0.155665933889","2.98981480261","0.604916166076","4.12984932183"
"0.158222539449","2.9902643722","0.60676912312","4.12468573119"
